name,price,url
Подвесной светильник Сансет Black,4190,https://www.divan.ru/product/podvesnoj-svetilnik-sanset-black
Торшер Билли Black,12 990,https://www.divan.ru/product/torsher-billi-black
Подвесной светильник Бабл-9,16 490,https://www.divan.ru/product/podvesnoj-svetilnik-babl-9
Торшер Бабл-1,6190,https://www.divan.ru/product/torsher-babl-1
Подвесной светильник Бабл-3,6190,https://www.divan.ru/product/podvesnoj-svetilnik-babl-3
Бра Бабл Black,1990,https://www.divan.ru/product/bra-babl-black
Настольная лампа Дэнди Black,3990,https://www.divan.ru/product/nastolnaya-lampa-dendi-black
Настольная лампа Дэнди White,3990,https://www.divan.ru/product/nastolnaya-lampa-dendi-white
Торшер Варио White,3999,https://www.divan.ru/product/torsher-vario-white
Бра Варио Black,990,https://www.divan.ru/product/bra-vario-black
Бра Варио White,990,https://www.divan.ru/product/bra-vario-white
Подвесной светильник Сансет White,4190,https://www.divan.ru/product/podvesnoj-svetilnik-sanset-white
Подвесной светильник Кэндел Black,2690,https://www.divan.ru/product/podvesnoj-svetilnik-kendel-black
Подвесной светильник Кэндел White,2690,https://www.divan.ru/product/podvesnoj-svetilnik-kendel-white
Торшер Вена Beige,9990,https://www.divan.ru/product/torsher-vena-beige
Настольная лампа Сфера Orange,4990,https://www.divan.ru/product/nastolnaya-lampa-sfera-orange
Подвесной светильник Кая Black,2590,https://www.divan.ru/product/podvesnoj-svetilnik-kaya-black
Торшер Вена Black,9990,https://www.divan.ru/product/torsher-vena-black
Настольная лампа Гровер Glass,3990,https://www.divan.ru/product/nastolnaya-lampa-grover-glass
Настольная лампа Сфера Black,3990,https://www.divan.ru/product/nastolnaya-lampa-sfera-black
Настольная лампа Машрум Grey,3990,https://www.divan.ru/product/nastolnaya-lampa-mashrum-grey
Настольная лампа Спайк Green,990,https://www.divan.ru/product/nastolnaya-lampa-spajk-green
Настольная лампа Клауд White,11 590,https://www.divan.ru/product/nastolnaya-lampa-klaud-white
Настольная лампа Рэй Black,2990,https://www.divan.ru/product/nastolnaya-lampa-rej-black
Торшер Рэй White,3590,https://www.divan.ru/product/torsher-rej-white
Торшер Рэй Black,4990,https://www.divan.ru/product/torsher-rej-black
Настольная лампа Спайк Orange,990,https://www.divan.ru/product/nastolnaya-lampa-spajk-orange
Подвесной светильник Портланд Black,2590,https://www.divan.ru/product/podvesnoj-svetilnik-portland-black
Настольная лампа Гросс White,3590,https://www.divan.ru/product/nastolnaya-lampa-gross-white
Торшер Мун Black,5990,https://www.divan.ru/product/torsher-mun-black
Торшер Билли White,12 990,https://www.divan.ru/product/torsher-billi-white
Торшер Варио Black,4990,https://www.divan.ru/product/torsher-vario-black
Настольная лампа Раффи Round,5990,https://www.divan.ru/product/nastolnaya-lampa-raffi-round
Торшер Гросс White,5990,https://www.divan.ru/product/torsher-gross-white
Бра Moderli Alina,3390,https://www.divan.ru/product/bra-moderli-alina
Подвесной светильник Маро Green,11 690,https://www.divan.ru/product/podvesnoj-svetilnik-maro-green
Настольная лампа Рэй White,2590,https://www.divan.ru/product/nastolnaya-lampa-rej-white
Настольная лампа Junior-4,2990,https://www.divan.ru/product/nastolnaya-lampa-junior-4
Спот Лайт-1 Black,2390,https://www.divan.ru/product/spot-lajt-1-black
Настольная лампа Junior-3,3870,https://www.divan.ru/product/nastolnaya-lampa-junior-3
Настольная лампа Junior-1,3990,https://www.divan.ru/product/nastolnaya-lampa-junior-1
Подвесной светильник Milligan,5490,https://www.divan.ru/product/podvesnoj-svetilnik-milligan
Подвесной светильник Townshend-4,10 990,https://www.divan.ru/product/podvesnoj-svetilnik-townshend-4
Люстра Монти-3 White,9990,https://www.divan.ru/product/lyustra-monti-3-white
Настольная лампа Junior-2,2890,https://www.divan.ru/product/nastolnaya-lampa-junior-2
Настольная лампа Taeda,4990,https://www.divan.ru/product/nastolnaya-lampa-taeda
Торшер Duetto,6990,https://www.divan.ru/product/torsher-duetto
Настольная лампа Sphere,6530,https://www.divan.ru/product/nastolnaya-lampa-sphere
